[
    {
      "name": "T-chaussure pour homme",
      "description": "decontracter chaussure de rue tendance pour homme. confortables a lacetts avec dessin cartoon et plaid convient pour toutes saisons",
      "price": 13.99,
      "image": "https://i5.walmartimages.com/asr/9edd20e9-00dc-4afd-86bb-79843abde393.723add9f997e00156bded1807f15511e.jpeg?odnHeight=2000&odnWidth=2000&odnBg=FFFFFF"
    },
    {
      "name": "Chaussures Sport",
      "description": "Chaussures de sport confortables",
      "price": 49.99,
      "image": "https://url-image.com/img2.jpg"
    }
  ]
  "name": "T-chaussure pour homme",
  "description": "decontracter chaussure de rue tendance pour homme. confortables a lacetts avec dessin cartoon et plaid convient pour toutes saisons",
  "price": 13.99,
  "image": "https://i5.walmartimages.com/asr/9edd20e9-00dc-4afd-86bb-79843abde393.723add9f997e00156bded1807f15511e.jpeg?odnHeight=2000&odnWidth=2000&odnBg=FFFFFF"